<?xml version = "1.0"?>
<class>
   <product id = "105">
      <id>105</id>
      <name>School Shoe</name>
      <price>1500</price>
      <product_categories>1</product_categories>
      <company_id>1001</company_id>
   </product>

   <product id = "106">
      <id>106</id>
      <name>US Polo T-shirt</name>
      <price>800</price>
      <product_categories>2</product_categories>
      <company_id>1002</company_id>
   </product>

   <product id = "107">
      <id>107</id>
      <name>Trekking Bags</name>
      <price>1000</price>
      <product_categories>3</product_categories>
      <company_id>1003</company_id>
   </product>

   <product id = "108">
      <id>108</id>
      <name>Snickers</name>
      <price>600</price>
      <product_categories>1</product_categories>
      <company_id>1001</company_id>
   </product>
</class>