<?xml version = "1.0"?>
<class>
   <product id = "101">
      <id>101</id>
      <name>Sport Shoe</name>
      <price>1800</price>
      <product_categories>1</product_categories>
      <company_id>1001</company_id>
   </product>

   <product id = "102">
      <id>102</id>
      <name>V-Neck T-shirt</name>
      <price>900</price>
      <product_categories>2</product_categories>
      <company_id>1002</company_id>
   </product>

   <product id = "103">
      <id>103</id>
      <name>Gaming Bag</name>
      <price>800</price>
      <product_categories>3</product_categories>
      <company_id>1003</company_id>
   </product>

   <product id = "104">
      <id>104</id>
      <name>Trekking Shoe</name>
      <price>700</price>
      <product_categories>1</product_categories>
      <company_id>1001</company_id>
   </product>
</class>